USE employee_db;

INSERT INTO department (id, name)
VALUES (1,'Administration')
,(2,'Marketing')
,(3,'Purchasing')
,(4,'Human Resources')
,(5,'Shipping')
,(6,'IT')
,(7,'Public Relations')
,(8,'Sales')
,(9,'Executive')
,(10,'Finance')
,(11,'Accounting')
;

INSERT INTO role (id, title, salary, department_id)
VALUES (1,'Public Accountant',162000,11)
,(2,'Accounting Manager',288000,11)
,(3,'Admin Assistant',108000,1)
,(4,'President',720000,9)
,(5,'Admin Vice President',540000,9)
,(6,'Accountant',162000,10)
,(7,'Finance Manager',288000,10)
,(8,'HR Representative',162000,4)
,(9,'Programmer',180000,6)
,(10,'Marketing Manager',270000,2)
,(11,'Marketing Representative',162000,2)
,(12,'PR Representative',189000,7)
,(13,'Purchasing Clerk',99000,3)
,(14,'Purchasing Manager',270000,3)
,(15,'Sales Manager',360000,8)
,(16,'Sales Representative',216000,8)
,(17,'Shipping Clerk',99000,5)
,(18,'Stock Clerk',90000,5)
,(19,'Stock Manager',153000,5)
;

INSERT INTO employee (id, first_name, last_name, role_id, manager_id) 
VALUES (1,'Steven','Jones',4, NULL)
,(2,'Neena','Kochhar',5,1)
,(3,'Lex','De Haan',5,1)
,(4,'Alexander','Hunold',9,3)
,(5,'Bruce','Ernst',9,4)
,(6,'David','Austin',9,4)
,(7,'Valli','Pataballa',9,4)
,(8,'Diana','Lorentz',9,4)
,(9,'Nancy','Greenberg',7,2)
,(10,'Daniel','Faviet',6,9)
,(11,'John','Chen',6,9)
,(12,'Ismael','Sciarra',6,9)
,(13,'Jose','Urman',6,9)
,(14,'Luis','Popp',6,9)
,(15,'Den','Raphaely',14,1)
,(16,'Alexander','Khoo',13,15)
,(17,'Shelli','Baida',13,15)
,(18,'Sigal','Tobias',13,15)
,(19,'Guy','Himuro',13,15)
,(20,'Karen','Colmenares',13,15)
,(21,'Matthew','Weiss',19,1)
,(22,'Adam','Fripp',19,1)
,(23,'Payam','Kaufling',19,1)
,(24,'Shanta','Vollman',19,1)
,(27,'Irene','Mikkilineni',18,21)
,(46,'John','Russell',15,1)
,(47,'Karen','Partners',15,1)
,(77,'Jonathon','Taylor',16,1)
,(78,'Jack','Livingston',16,1)
,(79,'Kimberely','Grant',16,1)
,(80,'Charles','Johnson',16,1)
,(93,'Sarah','Bell',17,24)
,(94,'Britney','Everett',17,24)
,(101,'Jennifer','Whalen',3,2)
,(102,'Michael','Hartstein',10,1)
,(103,'Pat','Fay',11,102)
,(104,'Susan','Mavris',8,2)
,(105,'Hermann','Baer',12,2)
,(106,'Shelley','Higgins',2,2)
,(107,'William','Gietz',1,106)
;
